Word,
abandon,
abstract,
academy,
access,
accommodate,
accompany,
accumulate,
accurate,
achieve,
acknowledge,
acquire,
adapt,
adequate,
adjacent,
adjust,
administrate,
adult,
advocate,
affect,
aggregate,
aid,
albeit,
allocate,
alter,
alternative,
ambiguous,
amend,
analogy,
analyse,
annual,
anticipate,
apparent,
append,
appreciate,
approach,
appropriate,
approximate ,
arbitrary,
area,
aspect,
assemble,
assess,
assign,
assist,
assume,
assure,
attach,
attain,
attitude,
attribute,
author,
authority,
automate,
available,
aware,
behalf,
benefit,
bias,
bond,
brief,
bulk,
capable,
capacity,
category,
cease,
challenge,
channel,
chapter,
chart,
chemical,
circumstance,
cite,
civil,
clarify,
classic,
clause,
code,
coherent,
coincide,
collapse,
colleague,
commence,
comment,
commission,
commit,
commodity,
communicate,
community,
compatible,
compensate,
compile,
complement,
complex,
component,
compound,
comprehensive,
comprise,
compute,
conceive,
concentrate,
concept,
conclude,
concurrent,
conduct,
confer,
confine,
confirm,
conflict,
conform,
consent,
consequent,
considerable,
consist,
constant,
constitute,
constrain,
construct,
consult,
consume,
contact,
contemporary,
context ,
contract,
contradict,
contrary,
contrast,
contribute ,
controversy,
convene,
converse,
convert,
convince,
cooperate,
coordinate,
core,
corporate,
correspond,
couple,
create,
credit,
criteria,
crucial,
culture,
currency,
cycle,
data,
debate,
decade,
decline,
deduce,
define,
definite,
demonstrate,
denote,
deny,
depress,
derive,
design,
despite,
detect,
deviate,
device,
devote,
differentiate,
dimension,
diminish,
discrete,
discriminate,
displace,
display,
dispose,
distinct,
distort,
distribute,
diverse,
document,
domain,
domestic,
dominate,
draft,
drama,
duration,
dynamic,
economy,
edit,
element,
eliminate,
emerge,
emphasis,
empirical,
enable,
encounter,
energy,
enforce,
enhance,
enormous,
ensure,
entity,
environment,
equate,
equip,
equivalent,
erode,
error,
establish,
estate,
estimate,
ethic,
ethnic,
evaluate,
eventual,
evident,
evolve,
exceed,
exclude,
exhibit,
expand,
expert,
explicit,
exploit,
export,
expose,
external,
extract,
facilitate,
factor,
feature,
federal,
fee,
file,
final,
finance,
finite,
flexible,
fluctuate,
focus,
format,
formula,
forthcoming,
found,
foundation,
framework,
function,
fund,
fundamental,
furthermore,
gender,
generate,
generation,
globe,
goal,
grade,
grant,
guarantee,
guideline,
hence,
hierarchy,
highlight,
hypothesis,
identical,
identify,
ideology,
ignorance,
illustrate,
image,
immigrate,
impact,
implement,
implicate,
implicit,
imply,
impose,
incentive,
incidence,
incline,
income,
incorporate,
index,
indicate,
individual,
induce,
inevitable,
infer,
infrastructure,
inherent,
inhibit,
initial,
initiate,
injure,
innovate,
input,
insert,
insight,
inspect,
instance,
institute,
instruct,
integral,
integrate,
integrity,
intelligence,
intense,
interact,
intermediate,
internal,
interpret,
interval,
intervene,
intrinsic,
invest,
investigate,
invoke,
involve,
isolate,
issue,
item,
job,
journal,
justify,
label,
labour,
layer,
lecture,
legal,
legislate,
levy,
liberal,
licence,
likewise,
link,
locate,
logic,
maintain,
major,
manipulate,
manual,
margin,
mature,
maximise,
mechanism,
media,
mediate,
medical,
medium,
mental,
method,
migrate,
military,
minimal,
minimise,
minimum,
ministry,
minor,
mode,
modify,
monitor,
motive,
mutual,
negate,
network,
neutral,
nevertheless,
nonetheless,
norm,
normal,
notion,
notwithstanding,
nuclear,
objective,
obtain,
obvious,
occupy,
occur,
odd,
offset,
ongoing,
option,
orient,
outcome,
output,
overall,
overlap,
overseas,
panel,
paradigm,
paragraph,
parallel,
parameter,
participate,
partner,
passive,
perceive,
percent,
period,
persist,
perspective,
phase,
phenomenon,
philosophy,
physical,
plus,
policy,
portion,
pose,
positive,
potential,
practitioner,
precede,
precise,
predict,
predominant,
preliminary,
presume,
previous,
primary,
prime,
principal,
principle,
prior,
priority,
proceed,
process,
professional,
prohibit,
project,
promote,
proportion,
prospect,
protocol,
psychology,
publication,
publish,
purchase,
pursue,
qualitative,
quote,
radical,
random,
range,
ratio,
rational,
react,
recover,
refine,
regime,
region,
register,
regulate,
reinforce,
reject,
relax,
release,
relevant,
reluctance,
rely,
remove,
require,
research,
reside,
resolve,
resource,
respond,
restore,
restrain,
restrict,
retain,
reveal,
revenue,
reverse,
revise,
revolution,
rigid,
role,
route,
scenario,
schedule,
scheme,
scope,
section,
sector,
secure,
seek,
select,
sequence,
series,
sex,
shift,
significant,
similar,
simulate,
site,
so-called,
sole,
somewhat,
source,
specific,
specify,
sphere,
stable,
statistic,
status,
straightforward,
strategy,
stress,
structure,
style,
submit,
subordinate,
subsequent,
subsidy,
substitute,
successor,
sufficient,
sum,
summary,
supplement,
survey,
survive,
suspend,
sustain,
symbol,
tape,
target,
task,
team,
technical,
technique,
technology,
temporary,
tense,
terminate,
text,
theme,
theory,
thereby,
thesis,
topic,
trace,
tradition,
transfer,
transform,
transit,
transmit,
transport,
trend,
trigger,
ultimate,
undergo,
underlie,
undertake,
uniform,
unify,
unique,
utilise,
valid,
vary,
vehicle,
version,
via,
violate,
virtual,
visible,
vision,
visual,
volume,
voluntary,
welfare,
whereas,
whereby,
widespread,
abdominal,
absorb,
absorption,
accelerate,
acceleration,
accent,
accumulation,
accuracy,
accurately,
acid,
acidic,
activate,
actively,
acute,
adaptation,
adaptive,
admission,
adolescent,
adverse,
aerosol,
aesthetic,
affirm,
afterward,
agriculture,
airplane,
algebra,
algorithm,
alien,
alliance,
allocation,
altitude,
aluminum,
amino,
amongst,
amplitude,
ancestor,
anthropology,
anti,
antibiotic,
antibody,
antiquity,
appendix,
applause,
apple,
approximate,
approximation,
archaeology,
architect,
array,
arrow,
articulate,
artifact,
artificial,
artistic,
artwork,
assembly,
assert,
assignment,
athletic,
atom,
atomic,
auction,
audio,
audit,
autonomy,
availability,
axiom,
axis,
backward,
bacteria,
bacterial,
bang,
bargain,
barrel,
basin,
bat,
beam,
behavioral,
bilingual,
binary,
biodiversity,
biologist,
biology,
bizarre,
blank,
bleed,
bodily,
bonus,
bound,
bracket,
breakdown,
broadly,
bubble,
bucket,
bullet,
bundle,
calcium,
calculation,
calculator,
calculus,
campus,
candidate,
capillary,
capitalism,
capitalist,
carrier,
cattle,
censor,
characterization,
cheat,
cheer,
chemistry,
chemotherapy,
chess,
chloride,
chromosome,
chronic,
chunk,
cinema,
circa,
circulate,
circulation,
civilization,
classification,
classify,
classroom,
clay,
clever,
click,
client,
clinic,
clip,
clone,
closure,
clue,
coefficient,
cognitive,
collective,
colonial,
colony,
comma,
commentary,
commonly,
communicative,
communist,
compact,
comparable,
comparative,
competence,
competent,
complication,
comply,
composer,
composite,
comprehension,
computation,
conception,
conceptual,
conditional,
conduction,
cone,
conference,
configuration,
confound,
congruent,
connector,
connotation,
conscious,
consciousness,
consensus,
conservation,
conserve,
consonant,
constitution,
consultation,
consumption,
container,
continent,
continuity,
contour,
contradiction,
contradictory,
converge,
convergence,
coordination,
cord,
coronary,
corpus,
correction,
correctly,
correlate,
correlation,
correspondence,
corruption,
cortex,
credibility,
critically,
critique,
crude,
crystal,
cue,
cure,
curriculum,
cyclic,
cylinder,
damp,
deadline,
decay,
deceive,
defect,
deficiency,
deflection,
degrade,
deliberately,
delta,
demonstrator,
denominator,
dense,
dependence,
depict,
derivative,
descendent,
descriptor,
destination,
detection,
developmental,
deviation,
diagnose,
diagnosis,
diagnostic,
diagram,
dialect,
diameter,
diary,
dictate,
dictionary,
differential,
differentiation,
diffusion,
dilemma,
dilute,
dimensional,
dioxide,
directive,
disability,
disadvantage,
discharge,
discourse,
discrimination,
displacement,
dissection,
dissertation,
dissolve,
distribution,
disturbance,
dominance,
dominant,
domination,
donor,
dose,
drain,
drift,
dye,
ecological,
ecology,
economically,
economist,
effectiveness,
elaborate,
elastic,
elasticity,
electron,
elementary,
elevate,
elevation,
elimination,
elite,
embed,
emergence,
emission,
emit,
emperor,
encode,
enforcement,
enormously,
entrant,
enzyme,
epidemic,
epidemiology,
equality,
equilibrium,
equivalence,
erase,
essence,
essentially,
estimation,
ethical,
ethics,
evolutionary,
ex,
execute,
execution,
exit,
expertise,
explicitly,
exponential,
fabric,
facet,
factorial,
faculty,
fatigue,
feedback,
fertility,
fetal,
fever,
fiber,
fin,
flesh,
flexibility,
flip,
fluid,
flux,
footnote,
formally,
formulation,
forum,
fossil,
founds,
fraction,
fracture,
freely,
friction,
fringe,
fundamentally,
fungus,
fusion,
gauge,
generalization,
generalize,
genetically,
genetics,
ghost,
globalization,
goat,
goodness,
goods,
gradient,
gram,
grammatical,
graph,
grasp,
gravity,
grid,
gross,
gut,
habitat,
halfway,
handout,
harvest,
hawk,
headquarter,
hedge,
helix,
hepatitis,
herbicide,
hip,
historically,
homework,
horizon,
horizontal,
hormone,
hydrogen,
identification,
illusion,
immune,
importantly,
impulse,
inclusion,
incredible,
incredibly,
incumbent,
independently,
indicator,
indifference,
indigenous,
indirect,
individually,
induction,
industrialization,
industrialize,
inequality,
inevitably,
infect,
infectious,
inference,
inferior,
infinite,
infinity,
influential,
informal,
inhibition,
initiation,
inject,
injection,
innate,
insect,
instability,
instinct,
integration,
intensity,
intensive,
interestingly,
interface,
interfere,
interrupt,
interviewer,
invade,
invasion,
inversion,
invert,
ion,
irrelevant,
irrigation,
jazz,
junior,
justification,
kidney,
kilometer,
lab,
lateral,
layout,
leaf,
lecturer,
legend,
legitimate,
leisure,
lever,
lexical,
liable,
lifestyle,
lifetime,
likelihood,
limb,
linear,
linguistic,
linguistics,
liter,
liver,
locally,
locus,
logical,
longitudinal,
loop,
lump,
lung,
machinery,
magnetic,
magnitude,
mall,
manipulation,
manuscript,
marble,
marginal,
marker,
marrow,
maternal,
mathematical,
matrix,
maximize,
meaningful,
mechanic,
mechanical,
membrane,
memorize,
mentor,
mercury,
merge,
messenger,
metabolism,
metaphor,
methodology,
micro,
mid,
migration,
millimeter,
mineral,
minimize,
minus,
missile,
mobility,
modification,
mole,
molecular,
molecule,
momentum,
monetary,
monkey,
monopoly,
morality,
morphological,
morphology,
mortality,
motif,
multi,
multinational,
multiply,
mutation,
myth,
naked,
namely,
nasty,
nationalism,
neat,
necessity,
neo,
nest,
neural,
neuron,
nicely,
niche,
nitrogen,
noble,
node,
noisy,
nominal,
non,
nonlinear,
notation,
novice,
nucleus,
null,
numerical,
nutrient,
objection,
obscure,
observer,
occupation,
occurrence,
offspring,
onset,
onwards,
optical,
optimal,
optimum,
oral,
organ,
organism,
orientation,
oscillation,
outer,
outlet,
overhead,
overview,
oxidize,
oxygen,
painful,
par,
paradox,
parcel,
pardon,
parental,
parenthesis,
partial,
partially,
particle,
partition,
pathway,
peasant,
periodic,
peripheral,
pest,
pesticide,
phenomenal,
philosopher,
philosophical,
phonological,
phosphate,
photographic,
physically,
physician,
physics,
physiological,
pi,
planner,
plantation,
plausible,
plug,
plural,
polar,
pole,
politically,
portfolio,
portray,
portrayal,
positively,
poster,
postgraduate,
potassium,
powder,
pragmatic,
pre,
precipitate,
precipitation,
predator,
prediction,
predominantly,
prejudice,
prevalence,
prey,
primer,
primitive,
probe,
problematic,
processor,
productive,
productivity,
profound,
progression,
progressive,
projection,
prominent,
pronounce,
proposition,
proton,
psychiatric,
psychologist,
pulse,
punch,
punish,
punishment,
purely,
puzzle,
quantitative,
quantum,
questionnaire,
quiz,
quotation,
rack,
radar,
radiation,
radius,
rainfall,
randomize,
randomly,
rationality,
ray,
reactive,
reactor,
readily,
realism,
realistic,
realm,
receptor,
recipe,
reconstruct,
regression,
rehabilitation,
rejection,
reliability,
render,
repertoire,
replacement,
replicate,
replication,
reproduce,
reproduction,
republic,
resemble,
reservoir,
residual,
residue,
resistant,
respiratory,
retrieve,
revolutionary,
rewrite,
rhetoric,
rhythm,
ridiculous,
ritual,
robot,
rope,
rotate,
rotation,
rub,
ruler,
scatter,
scholarship,
scripture,
scroll,
secrete,
sediment,
selective,
semantic,
semester,
semi,
seminar,
sensation,
sensible,
sensitivity,
sensory,
separately,
separation,
sexuality,
shallow,
shortly,
shuttle,
similarity,
simplify,
simulation,
simultaneously,
sin,
singular,
sketch,
skip,
slab,
slash,
slavery,
slot,
snake,
sneeze,
sniff,
socialize,
socially,
sodium,
solar,
soluble,
solute,
solvent,
sometime,
sophisticate,
span,
spatial,
specialty,
specification,
specimen,
spectrum,
sperm,
splice,
sponsorship,
spontaneous,
spray,
stabilize,
stack,
stadium,
stance,
standardize,
static,
statistical,
statistically,
statistics,
stereotype,
stimulus,
strand,
strategic,
strictly,
stripe,
sub,
subjective,
subset,
substitution,
substrate,
subtle,
subtract,
sufficiently,
suicide,
super,
superior,
supposedly,
surgeon,
surgical,
surplus,
susceptible,
sustainable,
swap,
swell,
sword,
syllable,
syllabus,
symbolic,
syndrome,
syntactic,
syntax,
synthesis,
synthetic,
systematic,
tech,
technically,
temporal,
tempt,
terminal,
terminology,
terribly,
textbook,
theorem,
theorist,
thermal,
thickness,
thread,
threshold,
thumb,
tolerance,
ton,
toxic,
tract,
traditionally,
trait,
trajectory,
trans,
transaction,
transcribe,
transcription,
transformation,
translation,
transmission,
transparency,
transplant,
trauma,
treaty,
tremendous,
triangle,
tribe,
tricky,
trivial,
tropical,
tumor,
turbulent,
tutor,
undergraduate,
undermine,
underneath,
unemployed,
unintelligible,
unity,
unstable,
uplift,
upward,
urine,
usage,
utility,
utilize,
utterance,
vague,
validity,
valve,
variability,
variance,
variant,
vector,
vegetation,
vein,
velocity,
verbal,
vertical,
viable,
virtue,
vitamin,
vocabulary,
volition,
vowel,
watershed,
wavelength,
weave,
wheat,
whichever,
whoever,
wisdom,
workshop,
yeast,
